{
  "worldName": "custom",
  "options": {
    "imageURL": "https://i.postimg.cc/vZd2V0KC/Story-Salgados-Pastelaria-Lanchonete-delivery-Vermelho-e-Amarelo-Instagram-1.png",
    "groundType": "box",
    "length": 100,
    "width": 100,
    "uScale": 1,
    "vScale": 1,
    "imageScale": 1.9,
    "timer": "none",
    "timerDuration": 60,
    "timerEnd": "continue",
    "wall": true,
    "wallHeight": 7.7,
    "wallThickness": 4.5,
    "wallColor": "#1A1A1A",
    "groundFriction": 1,
    "wallFriction": 0.1,
    "groundRestitution": 0,
    "wallRestitution": 0.1,
    "restartAnimationOnRun": false,
    "objects": [],
    "startPos": "center",
    "startPosXYZStr": "",
    "startRotStr": "",
    "startPosXYZ": [
      -26,
      -35,
      0
    ],
    "startRot": -180,
    "arenaStartPosXYZ": null,
    "arenaStartRot": null
  }
}