{
  "worldName": "custom",
  "options": {
    "imageURL": "https://i.postimg.cc/qMDSNWdj/Level1-2.png",
    "groundType": "box",
    "length": 100,
    "width": 100,
    "uScale": 1,
    "vScale": 1,
    "imageScale": 3.6,
    "timer": "none",
    "timerDuration": 60,
    "timerEnd": "continue",
    "wall": true,
    "wallHeight": 1.2,
    "wallThickness": 10.5,
    "wallColor": "#f56200ff",
    "groundFriction": 1,
    "wallFriction": 0.1,
    "groundRestitution": 0,
    "wallRestitution": 0.1,
    "restartAnimationOnRun": false,
    "objects": [],
    "startPos": "center",
    "startPosXYZStr": "",
    "startRotStr": "",
    "startPosXYZ": [
      0,
      -50,
      0
    ],
    "startRot": null,
    "arenaStartPosXYZ": null,
    "arenaStartRot": null
  }
}