{
  "worldName": "custom",
  "options": {
    "imageURL": "https://i.postimg.cc/1R0hY48d/FSEK-FBOT-level03.png",
    "groundType": "box",
    "length": 100,
    "width": 100,
    "uScale": 1,
    "vScale": 1,
    "imageScale": 3.4,
    "timer": "none",
    "timerDuration": 60,
    "timerEnd": "continue",
    "wall": true,
    "wallHeight": 12.1,
    "wallThickness": 4.5,
    "wallColor": "#ff4d00ff",
    "groundFriction": 1,
    "wallFriction": 0.1,
    "groundRestitution": 0,
    "wallRestitution": 0.1,
    "restartAnimationOnRun": false,
    "objects": [
      {
        "type": "box",
        "position": [
          9,
          -75,
          5
        ],
        "rotationMode": "degrees",
        "rotation": [
          0,
          -35,
          0
        ],
        "animationMode": "none",
        "animationKeys": [],
        "size": [
          10,
          10,
          10
        ],
        "modelURL": "",
        "modelScale": 10,
        "modelAnimation": "None",
        "color": "#80E680",
        "imageType": "repeat",
        "imageURL": "textures/box/wood.jpg",
        "uScale": 1,
        "vScale": 1,
        "physicsOptions": "fixed",
        "magnetic": false,
        "laserDetection": null,
        "ultrasonicDetection": null,
        "receiveShadows": false,
        "castShadows": false,
        "isPickable": true
      },
      {
        "type": "box",
        "position": [
          70,
          0,
          16.5
        ],
        "rotationMode": "degrees",
        "rotation": [
          0,
          55,
          0
        ],
        "animationMode": "none",
        "animationKeys": [],
        "size": [
          10,
          10,
          11
        ],
        "modelURL": "",
        "modelScale": 10,
        "modelAnimation": "None",
        "color": "#ffffffff",
        "imageType": "front",
        "imageURL": "https://i.postimg.cc/DyNLXf7C/LogoFSEK.png",
        "uScale": 1,
        "vScale": 1,
        "physicsOptions": "fixed",
        "magnetic": false,
        "laserDetection": null,
        "ultrasonicDetection": null,
        "receiveShadows": false,
        "castShadows": false,
        "isPickable": true
      },
      {
        "type": "box",
        "position": [
          -5,
          -75,
          5
        ],
        "rotationMode": "degrees",
        "rotation": [
          0,
          0,
          0
        ],
        "animationMode": "none",
        "animationKeys": [],
        "size": [
          10,
          10,
          10
        ],
        "modelURL": "",
        "modelScale": 10,
        "modelAnimation": "None",
        "color": "#80E680",
        "imageType": "repeat",
        "imageURL": "textures/box/wood.jpg",
        "uScale": 1,
        "vScale": 1,
        "physicsOptions": "fixed",
        "magnetic": false,
        "laserDetection": null,
        "ultrasonicDetection": null,
        "receiveShadows": false,
        "castShadows": false,
        "isPickable": true
      },
      {
        "type": "box",
        "position": [
          -17,
          -76,
          5
        ],
        "rotationMode": "degrees",
        "rotation": [
          0,
          0,
          0
        ],
        "animationMode": "none",
        "animationKeys": [],
        "size": [
          10,
          10,
          10
        ],
        "modelURL": "",
        "modelScale": 10,
        "modelAnimation": "None",
        "color": "#80E680",
        "imageType": "repeat",
        "imageURL": "textures/box/wood.jpg",
        "uScale": 1,
        "vScale": 1,
        "physicsOptions": "fixed",
        "magnetic": false,
        "laserDetection": null,
        "ultrasonicDetection": null,
        "receiveShadows": false,
        "castShadows": false,
        "isPickable": true
      },
      {
        "type": "cylinder",
        "position": [
          56.875674209262726,
          -52.44152852948637,
          15.119329480083593
        ],
        "rotationMode": "degrees",
        "rotation": [
          0,
          0,
          0
        ],
        "animationMode": "none",
        "animationKeys": [],
        "size": [
          10,
          10,
          10
        ],
        "modelURL": "",
        "modelScale": 10,
        "modelAnimation": "None",
        "color": "#80E680",
        "imageType": "cylinder",
        "imageURL": "textures/cylinder/radioactiveDrum.png",
        "uScale": 1,
        "vScale": 1,
        "physicsOptions": "fixed",
        "magnetic": false,
        "laserDetection": null,
        "ultrasonicDetection": null,
        "receiveShadows": false,
        "castShadows": false,
        "isPickable": true
      },
      {
        "type": "cylinder",
        "position": [
          70,
          -57.92532849109813,
          5
        ],
        "rotationMode": "degrees",
        "rotation": [
          0,
          0,
          0
        ],
        "animationMode": "none",
        "animationKeys": [],
        "size": [
          10,
          10,
          10
        ],
        "modelURL": "",
        "modelScale": 10,
        "modelAnimation": "None",
        "color": "#80E680",
        "imageType": "cylinder",
        "imageURL": "textures/cylinder/radioactiveDrum.png",
        "uScale": 1,
        "vScale": 1,
        "physicsOptions": "fixed",
        "magnetic": false,
        "laserDetection": null,
        "ultrasonicDetection": null,
        "receiveShadows": false,
        "castShadows": false,
        "isPickable": true
      },
      {
        "type": "box",
        "position": [
          -62.89800086204755,
          33.169818803600634,
          4.92035478516182
        ],
        "rotationMode": "degrees",
        "rotation": [
          0,
          0,
          0
        ],
        "animationMode": "none",
        "animationKeys": [],
        "size": [
          19,
          10,
          18
        ],
        "modelURL": "",
        "modelScale": 10,
        "modelAnimation": "None",
        "color": "#cd1818ff",
        "imageType": "repeat",
        "imageURL": "https://i.postimg.cc/C1Z4Rc22/576.jpg",
        "uScale": 1,
        "vScale": 1,
        "physicsOptions": "fixed",
        "magnetic": false,
        "laserDetection": null,
        "ultrasonicDetection": null,
        "receiveShadows": false,
        "castShadows": false,
        "isPickable": true
      },
      {
        "type": "box",
        "position": [
          58.17925771358282,
          -21.195534498862507,
          5
        ],
        "rotationMode": "degrees",
        "rotation": [
          0,
          0,
          0
        ],
        "animationMode": "none",
        "animationKeys": [],
        "size": [
          38,
          10,
          10
        ],
        "modelURL": "",
        "modelScale": 10,
        "modelAnimation": "None",
        "color": "#e9ece9ff",
        "imageType": "repeat",
        "imageURL": "textures/box/caution101.png",
        "uScale": 1,
        "vScale": 1,
        "physicsOptions": "fixed",
        "magnetic": false,
        "laserDetection": null,
        "ultrasonicDetection": null,
        "receiveShadows": false,
        "castShadows": false,
        "isPickable": true
      },
      {
        "type": "cylinder",
        "position": [
          58.35757952680356,
          -39.683629588138004,
          14.86722816565063
        ],
        "rotationMode": "degrees",
        "rotation": [
          0,
          0,
          0
        ],
        "animationMode": "none",
        "animationKeys": [],
        "size": [
          10,
          10,
          10
        ],
        "modelURL": "",
        "modelScale": 10,
        "modelAnimation": "None",
        "color": "#80E680",
        "imageType": "cylinder",
        "imageURL": "textures/cylinder/radioactiveDrum.png",
        "uScale": 1,
        "vScale": 1,
        "physicsOptions": "fixed",
        "magnetic": false,
        "laserDetection": null,
        "ultrasonicDetection": null,
        "receiveShadows": false,
        "castShadows": false,
        "isPickable": true
      },
      {
        "type": "box",
        "position": [
          -71,
          -100,
          5
        ],
        "rotationMode": "degrees",
        "rotation": [
          0,
          -90,
          0
        ],
        "animationMode": "none",
        "animationKeys": [],
        "size": [
          59,
          10,
          10
        ],
        "modelURL": "",
        "modelScale": 10,
        "modelAnimation": "None",
        "color": "#e9ece9ff",
        "imageType": "repeat",
        "imageURL": "textures/cylinder/flammableDrum.png",
        "uScale": 1,
        "vScale": 1,
        "physicsOptions": "fixed",
        "magnetic": false,
        "laserDetection": null,
        "ultrasonicDetection": null,
        "receiveShadows": false,
        "castShadows": false,
        "isPickable": true
      },
      {
        "type": "box",
        "position": [
          35.000459067413175,
          -104.64271210889387,
          5
        ],
        "rotationMode": "degrees",
        "rotation": [
          0,
          -90,
          0
        ],
        "animationMode": "none",
        "animationKeys": [],
        "size": [
          59,
          10,
          10
        ],
        "modelURL": "",
        "modelScale": 10,
        "modelAnimation": "None",
        "color": "#e9ece9ff",
        "imageType": "repeat",
        "imageURL": "textures/box/caution101.png",
        "uScale": 1,
        "vScale": 1,
        "physicsOptions": "fixed",
        "magnetic": false,
        "laserDetection": null,
        "ultrasonicDetection": null,
        "receiveShadows": false,
        "castShadows": false,
        "isPickable": true
      },
      {
        "type": "box",
        "position": [
          34.906074194195675,
          -46.040352101153836,
          5
        ],
        "rotationMode": "degrees",
        "rotation": [
          0,
          -90,
          0
        ],
        "animationMode": "none",
        "animationKeys": [],
        "size": [
          59,
          10,
          10
        ],
        "modelURL": "",
        "modelScale": 10,
        "modelAnimation": "None",
        "color": "#e9ece9ff",
        "imageType": "repeat",
        "imageURL": "textures/box/caution101.png",
        "uScale": 1,
        "vScale": 1,
        "physicsOptions": "fixed",
        "magnetic": false,
        "laserDetection": null,
        "ultrasonicDetection": null,
        "receiveShadows": false,
        "castShadows": false,
        "isPickable": true
      },
      {
        "type": "cylinder",
        "position": [
          56.75215879921254,
          -53.16207680548597,
          5.054670357743731
        ],
        "rotationMode": "degrees",
        "rotation": [
          0,
          0,
          0
        ],
        "animationMode": "none",
        "animationKeys": [],
        "size": [
          10,
          10,
          10
        ],
        "modelURL": "",
        "modelScale": 10,
        "modelAnimation": "None",
        "color": "#80E680",
        "imageType": "cylinder",
        "imageURL": "textures/cylinder/radioactiveDrum.png",
        "uScale": 1,
        "vScale": 1,
        "physicsOptions": "fixed",
        "magnetic": false,
        "laserDetection": null,
        "ultrasonicDetection": null,
        "receiveShadows": false,
        "castShadows": false,
        "isPickable": true
      },
      {
        "type": "cylinder",
        "position": [
          58.35757952680356,
          -39.830534617371896,
          5
        ],
        "rotationMode": "degrees",
        "rotation": [
          0,
          0,
          0
        ],
        "animationMode": "none",
        "animationKeys": [],
        "size": [
          10,
          10,
          10
        ],
        "modelURL": "",
        "modelScale": 10,
        "modelAnimation": "None",
        "color": "#80E680",
        "imageType": "cylinder",
        "imageURL": "textures/cylinder/radioactiveDrum.png",
        "uScale": 1,
        "vScale": 1,
        "physicsOptions": "fixed",
        "magnetic": false,
        "laserDetection": null,
        "ultrasonicDetection": null,
        "receiveShadows": false,
        "castShadows": false,
        "isPickable": true
      },
      {
        "type": "cylinder",
        "position": [
          70,
          -70.50436050524125,
          7.07128821381562
        ],
        "rotationMode": "degrees",
        "rotation": [
          0,
          0,
          0
        ],
        "animationMode": "none",
        "animationKeys": [],
        "size": [
          10,
          10,
          10
        ],
        "modelURL": "",
        "modelScale": 10,
        "modelAnimation": "None",
        "color": "#80E680",
        "imageType": "cylinder",
        "imageURL": "textures/cylinder/radioactiveDrum.png",
        "uScale": 1,
        "vScale": 1,
        "physicsOptions": "fixed",
        "magnetic": false,
        "laserDetection": null,
        "ultrasonicDetection": null,
        "receiveShadows": false,
        "castShadows": false,
        "isPickable": true
      },
      {
        "type": "box",
        "position": [
          -40.44732971479359,
          33,
          5
        ],
        "rotationMode": "degrees",
        "rotation": [
          0,
          0,
          0
        ],
        "animationMode": "none",
        "animationKeys": [],
        "size": [
          26,
          10,
          18
        ],
        "modelURL": "",
        "modelScale": 10,
        "modelAnimation": "None",
        "color": "#cd1818ff",
        "imageType": "repeat",
        "imageURL": "https://i.postimg.cc/C1Z4Rc22/576.jpg",
        "uScale": 1,
        "vScale": 1,
        "physicsOptions": "fixed",
        "magnetic": false,
        "laserDetection": null,
        "ultrasonicDetection": null,
        "receiveShadows": false,
        "castShadows": false,
        "isPickable": true
      },
      {
        "type": "box",
        "position": [
          -14.751173452822139,
          32.87542243228316,
          5
        ],
        "rotationMode": "degrees",
        "rotation": [
          0,
          0,
          0
        ],
        "animationMode": "none",
        "animationKeys": [],
        "size": [
          26,
          10,
          18
        ],
        "modelURL": "",
        "modelScale": 10,
        "modelAnimation": "None",
        "color": "#cd1818ff",
        "imageType": "repeat",
        "imageURL": "https://i.postimg.cc/C1Z4Rc22/576.jpg",
        "uScale": 1,
        "vScale": 1,
        "physicsOptions": "fixed",
        "magnetic": false,
        "laserDetection": null,
        "ultrasonicDetection": null,
        "receiveShadows": false,
        "castShadows": false,
        "isPickable": true
      },
      {
        "type": "box",
        "position": [
          -14,
          -75,
          15
        ],
        "rotationMode": "degrees",
        "rotation": [
          0,
          0,
          0
        ],
        "animationMode": "none",
        "animationKeys": [],
        "size": [
          10,
          10,
          10
        ],
        "modelURL": "",
        "modelScale": 10,
        "modelAnimation": "None",
        "color": "#80E680",
        "imageType": "repeat",
        "imageURL": "textures/box/wood.jpg",
        "uScale": 1,
        "vScale": 1,
        "physicsOptions": "fixed",
        "magnetic": false,
        "laserDetection": null,
        "ultrasonicDetection": null,
        "receiveShadows": false,
        "castShadows": false,
        "isPickable": true
      },
      {
        "type": "sphere",
        "position": [
          -3.1067497918286975,
          -64.6668260043266,
          3
        ],
        "rotationMode": "degrees",
        "rotation": [
          0,
          0,
          0
        ],
        "animationMode": "none",
        "animationKeys": [],
        "size": [
          6,
          6,
          7
        ],
        "modelURL": "",
        "modelScale": 10,
        "modelAnimation": "None",
        "color": "#80E680",
        "imageType": "sphere",
        "imageURL": "textures/sphere/basketBall.jpg",
        "uScale": 1,
        "vScale": 1,
        "physicsOptions": "fixed",
        "magnetic": false,
        "laserDetection": null,
        "ultrasonicDetection": null,
        "receiveShadows": false,
        "castShadows": false,
        "isPickable": true
      },
      {
        "type": "box",
        "position": [
          -30.942537599550054,
          33,
          20.54360774724377
        ],
        "rotationMode": "degrees",
        "rotation": [
          0,
          20,
          0
        ],
        "animationMode": "none",
        "animationKeys": [],
        "size": [
          10,
          10,
          11
        ],
        "modelURL": "",
        "modelScale": 10,
        "modelAnimation": "None",
        "color": "#ffffffff",
        "imageType": "front",
        "imageURL": "https://i.postimg.cc/DyNLXf7C/LogoFSEK.png",
        "uScale": 1,
        "vScale": 1,
        "physicsOptions": "fixed",
        "magnetic": false,
        "laserDetection": null,
        "ultrasonicDetection": null,
        "receiveShadows": false,
        "castShadows": false,
        "isPickable": true
      },
      {
        "type": "box",
        "position": [
          70,
          -5,
          5.500000000000001
        ],
        "rotationMode": "degrees",
        "rotation": [
          0,
          90,
          0
        ],
        "animationMode": "none",
        "animationKeys": [],
        "size": [
          10,
          10,
          11
        ],
        "modelURL": "",
        "modelScale": 10,
        "modelAnimation": "None",
        "color": "#ffffffff",
        "imageType": "front",
        "imageURL": "https://i.postimg.cc/DyNLXf7C/LogoFSEK.png",
        "uScale": 1,
        "vScale": 1,
        "physicsOptions": "fixed",
        "magnetic": false,
        "laserDetection": null,
        "ultrasonicDetection": null,
        "receiveShadows": false,
        "castShadows": false,
        "isPickable": true
      },
      {
        "type": "box",
        "position": [
          70,
          5.164227170667562,
          5.5
        ],
        "rotationMode": "degrees",
        "rotation": [
          0,
          90,
          0
        ],
        "animationMode": "none",
        "animationKeys": [],
        "size": [
          10,
          10,
          11
        ],
        "modelURL": "",
        "modelScale": 10,
        "modelAnimation": "None",
        "color": "#ffffffff",
        "imageType": "front",
        "imageURL": "https://i.postimg.cc/DyNLXf7C/LogoFSEK.png",
        "uScale": 1,
        "vScale": 1,
        "physicsOptions": "fixed",
        "magnetic": false,
        "laserDetection": null,
        "ultrasonicDetection": null,
        "receiveShadows": false,
        "castShadows": false,
        "isPickable": true
      },
      {
        "type": "box",
        "position": [
          70,
          15.254142605189386,
          5.500000000000001
        ],
        "rotationMode": "degrees",
        "rotation": [
          0,
          90,
          0
        ],
        "animationMode": "none",
        "animationKeys": [],
        "size": [
          10,
          10,
          11
        ],
        "modelURL": "",
        "modelScale": 10,
        "modelAnimation": "None",
        "color": "#ffffffff",
        "imageType": "front",
        "imageURL": "https://i.postimg.cc/DyNLXf7C/LogoFSEK.png",
        "uScale": 1,
        "vScale": 1,
        "physicsOptions": "fixed",
        "magnetic": false,
        "laserDetection": null,
        "ultrasonicDetection": null,
        "receiveShadows": false,
        "castShadows": false,
        "isPickable": true
      },
      {
        "type": "box",
        "position": [
          70,
          25.42193947498762,
          5.5
        ],
        "rotationMode": "degrees",
        "rotation": [
          0,
          90,
          0
        ],
        "animationMode": "none",
        "animationKeys": [],
        "size": [
          10,
          10,
          11
        ],
        "modelURL": "",
        "modelScale": 10,
        "modelAnimation": "None",
        "color": "#ffffffff",
        "imageType": "front",
        "imageURL": "https://i.postimg.cc/DyNLXf7C/LogoFSEK.png",
        "uScale": 1,
        "vScale": 1,
        "physicsOptions": "fixed",
        "magnetic": false,
        "laserDetection": null,
        "ultrasonicDetection": null,
        "receiveShadows": false,
        "castShadows": false,
        "isPickable": true
      },
      {
        "type": "box",
        "position": [
          33.45681437045151,
          46.35975621211444,
          -4.638471785529411
        ],
        "rotationMode": "degrees",
        "rotation": [
          0,
          0,
          0
        ],
        "animationMode": "none",
        "animationKeys": [],
        "size": [
          47,
          10,
          10
        ],
        "modelURL": "",
        "modelScale": 10,
        "modelAnimation": "None",
        "color": "#ffffffff",
        "imageType": "repeat",
        "imageURL": "",
        "uScale": 1,
        "vScale": 1,
        "physicsOptions": "fixed",
        "magnetic": false,
        "laserDetection": null,
        "ultrasonicDetection": null,
        "receiveShadows": false,
        "castShadows": false,
        "isPickable": true
      }
    ],
    "startPos": "center",
    "startPosXYZStr": "",
    "startRotStr": "",
    "startPosXYZ": [
      0,
      -119,
      0
    ],
    "startRot": null,
    "arenaStartPosXYZ": null,
    "arenaStartRot": null
  }
}